
[{"ID":"1","Header":"KITESURF TEAM CONTEST - 24. bis 26.04.\r\n","Image-Link":"#0","Type":"1","Description":"Die Kiter treten heuer wieder teamweise an! Sie kombinieren Newschool mit hooked tricks, Style mit Klasse, H\u00f6he mit Technik und des n\u00e4chtens Coke mit Bacardi - aber das geht jetzt zu weit ;-)\r\nBei keinem anderen Eventformat auf der Welt bekommst du diese volle Bandbreite des Kitesurfens gleichzeitig zu Gesicht.\r\nDie unglaublichen Tricks beim Kiten werden hier in den 5. Stock gehoben und allein bei der Dauer die diese Jungs und M\u00e4dels in der Luft verbringen wird es Normalsterblichen schon schlecht. Es gibt wenig das so spektakul\u00e4r und stylish zugleich aussieht und manch einer steht am Ufer und kann nicht glauben, dass er das jetzt wirklich am Neusiedlersee zu sehen bekommt.\r\nJedes der 12 Dreier Teams besteht aus: \r\nHooked Tricks: 1x Mann & 1x Frau\r\nNew School Tricks: 1x Mann\r\nDiese Teams batteln sich zuerst in den Gruppen um danach in der K.O. Phase das Siegerteam zu ermitteln.\r\nPreisgeld: 10.000 Euro - The winner team takes it all!!\r\nDisziplinen: Freestyle & Hang Time Contest"}, {"ID":"2","Header":"FREESTYLE WINDSURFEN - 29.04. bis 03.05.\r\n","Image-Link":"#0","Type":"2","Description":"Bei einem Freestyle Bewerb geht es darum, wer die radikalsten Spr\u00fcnge und unglaublichsten Tricks auf das Wasser zaubert. In einem K.O. System batteln sich die besten 48 Freestyler der Welt beim ersten Tourstopp der PWA um die F\u00fchrung im Worldcup und um 35.000 Euro Preisgeld. \r\n\r\nWer sind die Favoriten?\r\nJose Gollito Estredo aus Venezuela (6-facher WM), Kiri Thode aus Bonaire (WM 2013), Steven van Broeckhoven (WM 2012 & 4-facher EM), Vize Europameister Dieter van der Eyken - beide aus Belgien, der Publikumsliebling aus Bonaire Tonky Frans, Europameister 2012 Davy Scheffers (NL), Anthony Ruenes (FRA) sowie Philip Soltysiak (CAN). \r\nAber auch Local Hero Max Matissek hat heuer gute Chancen in die Top 10 vorzusto\u00dfen!\r\n\r\nIhr habt die M\u00f6glichkeit, die Stars hautnah zu erleben! Die Topstars der Windsurf-Szene gehen nicht nur am Wasser direkt vor dem Ufer voll ab, sondern sind auch schon mal bei der einen oder anderen Party anzutreffen. Aber nur, wenn am n\u00e4chsten Tag kein Wind vorhergesagt ist ;-)"}, {"ID":"3","Header":"CHIEMSEE TOW-IN EM 30.04. bis 03.05.\r\n","Image-Link":"#0","Type":"3","Description":"Freestyle Surfen ohne Wind - geht das?\r\nBei uns schon! Mit Hilfe eines Jetskis wird der Rider auf \u00fcber 50 km\/h beschleunigt. Am Punkt mit dem h\u00f6chsten Speed l\u00e4sst der Athlet die Hantel los und zeigt direkt vor dem Publikum die fettesten Tricks und Moves. \r\nUrspr\u00fcnglich als \"Flautenprogramm\" erfunden, entwickelte sich diese Disziplin schnell zu einem eigenen, spannenden Bewerb. In Podersdorf wird, wie in den letzen Jahren die EM ausgetragen, welche mit 5.000 Euro dotiert ist.\r\nZuerst werden in 3 Gruppen die besten 10 Rider f\u00fcr das Finale ermittelt. Dieses steigt am Sonntag, den 03.05. um 15 Uhr. Gleich im Anschluss gibt es die Siegerehrung auf der \u00d63-Seeb\u00fchne.\r\nWer sind die Favoriten?\r\nAuch hier f\u00fchrt der Weg zum Sieg \u00fcber den aktuellen Tow-In Europameister Steven van Brockhoven (BEL). Allerdings: Bei nur zwei m\u00f6glichen Versuchen pro Rider kann im Finale schnell etwas passieren. Und das w\u00fcrden seine sch\u00e4rfsten Konkurrenten sicherlich beinhart ausn\u00fctzen.\r\nZu den Mitfavoriten z\u00e4hlen zum Beispiel Max Matissek, der Local-Hero aus Podersdorf, der Franzose Adrien Bosson oder Bj\u00f6rn Saragozza aus Bonaire. "}]