
[{"ID":"1","Date":"2016-04-24","From_":"00:00:00","To_":"17:00:00","Subject":"KITESURF Team Contest\r\n","Type":"1"}, {"ID":"2","Date":"2016-04-24","From_":"10:00:00","To_":"17:00:00","Subject":"Rahmenprogramm, Surfausstellung, Shops, Funsportarten \r\n","Type":"4"}, {"ID":"3","Date":"2016-04-24","From_":"10:00:00","To_":"17:00:00","Subject":"Beach Summer Games \r\n09 bis 13 Uhr: Tryout \"Schule am Sand\"\r\n12 bis 22 Uhr: \"Reinwerfen statt Wegwerfen Beach Cup\" Damen\/Herren\r\n15 bis 19 Uhr: Timeout Beachcamps","Type":"4"}, {"ID":"6","Date":"2016-04-24","From_":"20:00:00","To_":"05:00:00","Subject":"Party Floor\r\n\r\n\u00d63-Party im BACARDI Partyzelt mit 2 B\u00fchnen, jeder Menge Special Effects und den gr\u00f6\u00dften Partyhits aller Zeiten\r\nmit den \u00d63-Moderatoren Thomas Kamenar & Thomas Filzer sowie den \u00d63-DJs Clemens Wagner & Kalman Gergely","Type":"5"}, {"ID":"7","Date":"2016-04-24","From_":"20:00:00","To_":"05:00:00","Subject":"Electro Floor\r\n\r\nSplash (Passage Wien), DJ 2HOT & DJ LEXSTRADAMUS\r\n","Type":"5"}, {"ID":"8","Date":"2016-04-24","From_":"20:00:00","To_":"05:00:00","Subject":"Surfers Floor\r\n\r\nAbfeiern mit der Crew der legend\u00e4ren PODO Bar & DJ Chris\r\n","Type":"5"}, {"ID":"9","Date":"2016-04-24","From_":"20:00:00","To_":"05:00:00","Subject":"R'n'B Hall\t\r\n\r\nSatter R\u2019n\u2019B, Soul, Hip Hop, Reggaeton und Trap Sound DJ G-Dugz, DJ Metino und dem jungen Nachwuchstalent Atheo\r\n","Type":"5"}, {"ID":"10","Date":"2016-05-01","From_":"10:00:00","To_":"17:00:00","Subject":"PWA Windsurf Freestyle Bewerb\r\n","Type":"2"}, {"ID":"11","Date":"2016-05-01","From_":"17:00:00","To_":"18:00:00","Subject":"CHIEMSEE Tow-In EM\r\n","Type":"3"}, {"ID":"12","Date":"2016-05-01","From_":"10:00:00","To_":"17:00:00","Subject":"Rahmenprogramm, Surfausstellung, Surfshops, Funsportarten\r\n","Type":"4"}, {"ID":"13","Date":"2016-05-01","From_":"10:00:00","To_":"17:00:00","Subject":"Beach Summer Games \r\n10 bis 18 Uhr: Timeout Beachcamps\r\n11 bis 22 Uhr: Dodgeball Beach Battle","Type":"4"}, {"ID":"14","Date":"2016-05-01","From_":"12:00:00","To_":"17:00:00","Subject":"Moderation, Pr\u00e4sentationen auf der \u00d63-Seeb\u00fchne\r\n","Type":"4"}, {"ID":"15","Date":"2016-05-01","From_":"20:00:00","To_":"05:00:00","Subject":"Party Floor\r\n\r\n\u00d63-Party im BACARDI Partyzelt mit 2 B\u00fchnen, jeder Menge Special Effects und den gr\u00f6\u00dften Partyhits aller Zeiten\r\nmit den \u00d63-Moderatoren Thomas Kamenar & David Pearson sowie den \u00d63-DJs Clemens Wagner & Philipp Sandpeck","Type":"5"}, {"ID":"16","Date":"2016-05-01","From_":"20:00:00","To_":"05:00:00","Subject":"Electro Floor\t\r\n\r\nCosmo (Passage Wien), DJ TOM SILVER & MARTIN ARNEVET\r\n","Type":"5"}, {"ID":"17","Date":"2016-05-01","From_":"20:00:00","To_":"05:00:00","Subject":"Surfers Floor\t\r\n\r\nAbfeiern mit der Crew der legend\u00e4ren PODO Bar & DJ Chris\r\n","Type":"5"}, {"ID":"18","Date":"2016-05-01","From_":"20:00:00","To_":"05:00:00","Subject":"R'n'B Hall\t\r\n\r\nSatter R\u2019n\u2019B, Soul, Hip Hop, Reggaeton und Trap Sound DJ G-Dugz, DJ Metino und dem jungen Nachwuchstalent Atheo\r\n","Type":"5"}]