[{"ID":"1","Vorname":"Reinhard","Nachname":"SteckIhn","Land":"Germany","Kennung":"GER-0172","Bild-Link":"#0","Type":"1"}, {"ID":"2","Vorname":"Daniel","Nachname":"D\u00fcsentrieb","Land":"Austria","Kennung":"AUT-0123","Bild-Link":"#0","Type":"1"}, {"ID":"3","Vorname":"Homer","Nachname":"Simpson","Land":"AMERICA","Kennung":"AM-000","Bild-Link":"#0","Type":"1"}, {"ID":"4","Vorname":"Marge","Nachname":"Simpson","Land":"AMERICA","Kennung":"AM-333","Bild-Link":"#0","Type":"2"}, {"ID":"5","Vorname":"Apu","Nachname":"Nahasapeemapetilon","Land":"India","Kennung":"IND-121","Bild-Link":"#0","Type":"2"}, {"ID":"6","Vorname":"Hans","Nachname":"LeckMichamArsch","Land":"Austria","Kennung":"AUT-999","Bild-Link":"#0","Type":"3"}]