

[{"ID":"1","Subject":"SURFEN","Description":"Riesige JOYA Stand Up Paddling Area\r\nDie momentan am schnellsten wachsende Wassersportart bieten den perfekten Einstieg in den Windsurfsport. Der gr\u00f6\u00dfte Stand Up Paddling Test mit den besten Marken der Welt, wo insgesamt 80 Boards zum Testen zur Verf\u00fcgung stehen, wartet heuer in Podersdorf auf alle, die in das Surf-Feeling hineinschnuppern wollen.\r\nEinfach draufstellen, lospaddeln oder f\u00fcr die ganz Mutigen: Die Teilnahme an einem SUPstacles-Rennen, wo man mit dem SUP-Board Hindernisse am Wasser meistern muss. Hier findet ihr mehr Infos dazu: SUPstacles","Type":"1"}, {"ID":"2","Subject":"SURFEN","Description":"Fahrerlager NEU\r\nDer \"Pit Walk\" kehrt zur\u00fcck an den Neusiedler See: Die Top 8 Rider pr\u00e4sentieren sich im neu gestalteten Fahrerlager publikumsnahe wie selten zuvor: Die cool ausgestatteten Kojen bestaunen, Autogramme von den Besten der Welt holen, fachsimplen mit den Pros der Szene - da schlagen sowohl M\u00e4dchen- als auch Surferherzen h\u00f6her.","Type":"1"}, {"ID":"3","Subject":"SURFEN","Description":"Gratis-Windsurfkurse\r\nAuch in diesem Jahr gibt es nat\u00fcrlich wieder die Gratis Surfkurse von De Silva Windresort Kalpitiya f\u00fcr alle, die mal in den Windsurfsport hineinschnuppern m\u00f6chten.","Type":"1"}, {"ID":"4","Subject":"TRENDSPORT","Description":"Beach Summer Games\r\nDie Area der Beach Summer Games steht auch heuer wieder ganz im Zeichen des Ballsports. Die h\u00f6chste Turnierklasse des Volleyballsports macht von 24. bis 26. April Halt und bietet die M\u00f6glichkeit sich direkt bei den Profis was abzuschauen. Nat\u00fcrlich kann auch vor Ort selber bei einem Schnuppertraining mitgemacht oder einfach so auf einem Platz gespielt werden. Die TimeOut Beachcamps mit professionellen Trainingseinheiten und Betreuung finden wieder an den Wochenenden statt - Anmeldung im Vorfeld hier oder nach Verf\u00fcgbarkeit auch noch vor Ort m\u00f6glich.\r\nAu\u00dferdem findet am 01.05. das farbenfrohe Dodgeball-Turnier statt, das letztes Jahr bei den Besucher f\u00fcr Aufsehen und Begeisterung gesorgt hat.\r\n","Type":"1"}, {"ID":"5","Subject":"TRENDSPORT","Description":"Playground\r\nDie Area to be f\u00fcr alle Skater! Der Treffpunkt am Mittelpunkt des Gel\u00e4ndes ist der Traum f\u00fcr alle mit Scooter, Skateboard, Longboard, etc. Obstacles f\u00fcr Tricks, Shows und Contests \u00fcber den Tag verteilt sorgen f\u00fcr reges Treiben in der Area.","Type":"1"}, {"ID":"6","Subject":"TRENDSPORT","Description":"Sportunion Burgenland \/ Kids Area\r\nDie Sportunion Burgenland bringt die Kids zum Sport! Heuer wieder mit dabei: Ihre Airtrack Bahn, Mega-Zorbs (Riesenb\u00e4lle aus Plastik), Discgolf, Bassalo, ...","Type":"1"}, {"ID":"7","Subject":"SHOWS","Description":"Flugshow von Hannes Arch\r\n","Type":"2"}, {"ID":"8","Subject":"SHOWS","Description":"Trial-Bike Show von Tom \u00d6hler\r\n","Type":"2"}, {"ID":"9","Subject":"SHOWS","Description":"Feuerwerk","Type":"2"}, {"ID":"10","Subject":"SHOWS","Description":"Dog Dancing mit Supertalent Falco und Lukas\r\n","Type":"2"}, {"ID":"11","Subject":"SHOWS","Description":"Pacouring","Type":"2"}, {"ID":"12","Subject":"SHOWS","Description":"Eurofighter \u00dcberflug\r\n","Type":"2"}, {"ID":"13","Subject":"SHOWS","Description":"Skate & Scooter Shows u.v.m\r\n","Type":"2"}, {"ID":"14","Subject":"\u00d63 SEEB\u00dcHNE","Description":"\u00d63 DJ-Lounge\r\nDie perfekte musikalische Begleitung f\u00fcr den Tag am See kommt von \u00d63-DJ Christian Prates. Mal fetzig-mitrei\u00dfend, dann wieder chillig-entspannt - immer passend zur Tageszeit und Laune der Besucher. Die \u00d63 Seeb\u00fchne ist der Mittelpunkt des Tagesgel\u00e4ndes: S\u00e4mtliche Shows und Interviewpartner statten den Moderatoren Roberto Hoffmann und \u00d63-Moderatorin Olivia Peter eine Besuch ab und geben Infos.","Type":"2"}, {"ID":"15","Subject":"\u00d63 SEEB\u00dcHNE","Description":"Sundowner Deluxe direkt hinter der \u00d63 Seeb\u00fchne\r\nDie atemberaubenden Sonnenunterg\u00e4nge in Podersdorf fallen sicherlich in die Kategorie \"romantisch-kitschig\". In der Zeit von 19:00 bis 21:00 Uhr herrscht vor der \u00d63 Seeb\u00fchne feinstes Ibiza-Feeling.","Type":"2"}, {"ID":"16","Subject":"FOOD + DRINKS","Description":"Abwechslungsreiche Gastro\r\nDas tolle gastronomische Angebot umfasst Spezialit\u00e4ten aus der ganzen Welt und rundet die Urlaubsstimmung perfekt ab. F\u00fcr alle Geschm\u00e4cker wird das richtige angeboten: Die legend\u00e4ren Surf-Burger, gschmackiger Kebap, feine Crepes, regionale Schmankerln bieten ebenso wie die Steinofen-Pizza und die bodenst\u00e4ndigen Gerichte wie Schinkenfleckerl oder K\u00e4sekrainer eine Geschmacksexplosion der Extraklasse.","Type":"3"}, {"ID":"17","Subject":"FOOD + DRINKS","Description":"Coole Drinks auf 100 Strandliegen und 300 Liegest\u00fchlen genie\u00dfen\r\nJedes Jahr herrschen in Podersdorf sommerliche Temperaturen, die perfekt auf einer der vielen Strandliegen oder in einem Liegest\u00fchl zu genie\u00dfen sind. Die Zehen in den Sand gesteckt, Cocktail in der Hand, Blick auf das Wasser ... Herrlich!","Type":"3"}]